{
  "coeffs": [
    [
      2.3359018201506845,
      0.7309987600370066,
      -0.02145273271119284,
      -0.8317799535152808,
      0.0,
      -0.5846452433577205,
      -0.2430320118245068,
      -0.6046489020841884,
      0.10449613654626203,
      0.9369065477188939,
      -0.6046489020841884,
      -1.8557706627432096,
      -0.9233277844569024,
      1.0554341298926018,
      1.24662259661966,
      1.066400533931247,
      -1.5267782709195792,
      -1.7153648734514009,
      -0.5076527023456927,
      1.24662259661966,
      0.967540513584492,
      1.5652775547644076,
      0.4710792639639273,
      -1.133213781901117,
      -1.308513136122869,
      1.0827279947360307
    ],
    [
      0.7385213904162795,
      -0.08613419171824924,
      -2.2018061635000397,
      0.7000483925762068,
      0.0,
      -0.9415119155524386,
      -0.2426648637655549,
      1.1266447263530448,
      -0.01352058566623699,
      -0.03942592444832843,
      1.1266447263530448,
      -1.902017769306014,
      1.4054808335639726,
      0.47239272992574066,
      -0.23856608977530377,
      0.23698613257799278,
      2.7392276296555305,
      2.3363277885663263,
      -0.4298789906884078,
      -0.23856608977530377,
      1.7176180982479743,
      1.367576123645931,
      0.842394658451234,
      1.2202016791000987,
      0.7667091686387608,
      0.6495291824501308
    ],
    [
      -1.9945464913165534,
      -0.6071293919368373,
      0.30958932107103615,
      -0.3074122291288038,
      0.0,
      0.37924769033583755,
      -0.07257240332100036,
      -0.4293873600462733,
      -0.180800922368103,
      -0.8724010393758727,
      -0.4293873600462733,
      1.642155724559721,
      -0.5890455773047951,
      -1.1060526794683787,
      -0.5110264971376691,
      -0.9607631460822276,
      -0.6560056672761534,
      -0.7132582108524071,
      0.09381024364989131,
      -0.5110264971376691,
      -1.826321739342618,
      -1.7374033683346564,
      -0.8178451279738258,
      -0.5238933463965002,
      -0.005439409233792255,
      -0.7080365454423967
    ]
  ],
  "config": {
    "data_augmentation_config": {
      "add_builtin_entities_examples": false,
      "max_unknown_words": null,
      "min_utterances": 20,
      "noise_factor": 5,
      "unknown_word_prob": 0.0,
      "unknown_words_replacement_string": null
    },
    "featurizer_config": {
      "added_cooccurrence_feature_ratio": 0.0,
      "cooccurrence_vectorizer_config": {
        "filter_stop_words": true,
        "keep_order": true,
        "unit_name": "cooccurrence_vectorizer",
        "unknown_words_replacement_string": null,
        "window_size": null
      },
      "pvalue_threshold": 0.4,
      "tfidf_vectorizer_config": {
        "unit_name": "tfidf_vectorizer",
        "use_stemming": false,
        "word_clusters_name": null
      },
      "unit_name": "featurizer"
    },
    "random_seed": null,
    "unit_name": "log_reg_intent_classifier"
  },
  "featurizer": "featurizer",
  "intent_list": [
    "atTime",
    "sunrise",
    null
  ],
  "intercept": [
    -0.8571589091158038,
    -0.7468905083034286,
    0.3309273343736609
  ],
  "t_": 701.0
}