{
  "coeffs": [
    [
      2.6625256910587285,
      0.8615948901495887,
      0.5359630337660879,
      -0.7939794639152874,
      0.0,
      -0.30284169581067977,
      -0.5618760811494437,
      -0.6222716233423408,
      0.02909950970204901,
      0.9028589574659189,
      -0.6222716233423408,
      -1.8673587976687875,
      -1.0824045724388913,
      1.3143752703219325,
      1.4645340092765735,
      1.124087013481087,
      -0.7912312663823686,
      -1.9005634863291159,
      -1.7003300286613112,
      -0.5383336321646252,
      1.4645340092765735,
      0.8238675049870348,
      1.3979042164933941,
      0.6871647007770697,
      -1.0824045724388913,
      -1.2529708837762152,
      1.0897677220305133
    ],
    [
      0.9646446498914358,
      -0.4557456657521022,
      -2.244946050417615,
      0.8759227065086421,
      0.0,
      -0.6673363894373131,
      -0.6052703151770144,
      1.1081049447663986,
      0.152468477183468,
      -0.24961307499185012,
      1.1081049447663986,
      -1.8308627426472988,
      1.5309748141246813,
      0.5485626796536556,
      -0.3150682099604249,
      0.422920170853727,
      2.2729651244494096,
      2.556842515116117,
      -1.5301914379297754,
      -0.5662056080044847,
      -0.3150682099604249,
      1.759809383499294,
      1.2922195352229988,
      0.7208812744536849,
      1.5309748141246813,
      0.633934763087347,
      0.8587035892432986
    ],
    [
      -2.134500603221187,
      -0.6073176911188056,
      0.09077446943166033,
      -0.3550583864605491,
      0.0,
      0.12777916671283118,
      0.1539321228422426,
      -0.44079270636433043,
      -0.1959016487095515,
      -0.7591623501696088,
      -0.44079270636433043,
      1.5845353709114365,
      -0.6003131484504833,
      -1.2198951300803098,
      -0.665481359704091,
      -1.0158502956160607,
      -0.7109731896221393,
      -0.7415014615587868,
      1.1812918175002765,
      0.0725280590521131,
      -0.665481359704091,
      -1.7979393890975648,
      -1.675738936145641,
      -0.9574281543547023,
      -0.6003131484504833,
      -0.06400472812116693,
      -0.7638764247596771
    ]
  ],
  "config": {
    "data_augmentation_config": {
      "add_builtin_entities_examples": false,
      "max_unknown_words": null,
      "min_utterances": 20,
      "noise_factor": 5,
      "unknown_word_prob": 0.0,
      "unknown_words_replacement_string": null
    },
    "featurizer_config": {
      "added_cooccurrence_feature_ratio": 0.0,
      "cooccurrence_vectorizer_config": {
        "filter_stop_words": true,
        "keep_order": true,
        "unit_name": "cooccurrence_vectorizer",
        "unknown_words_replacement_string": null,
        "window_size": null
      },
      "pvalue_threshold": 0.4,
      "tfidf_vectorizer_config": {
        "unit_name": "tfidf_vectorizer",
        "use_stemming": false,
        "word_clusters_name": null
      },
      "unit_name": "featurizer"
    },
    "random_seed": null,
    "unit_name": "log_reg_intent_classifier"
  },
  "featurizer": "featurizer",
  "intent_list": [
    "atTime",
    "sunrise",
    null
  ],
  "intercept": [
    -0.6948383551429819,
    -0.6157927263369577,
    0.2503981289476666
  ],
  "t_": 701.0
}