{
  "builtin_entity_scope": [
    "snips/datetime"
  ],
  "config": {
    "unit_name": "tfidf_vectorizer",
    "use_stemming": false,
    "word_clusters_name": null
  },
  "language_code": "en",
  "vectorizer": {
    "idf_diag": [
      3.1155465463219523,
      3.463853240590168,
      2.904237452654745,
      4.339321977944068,
      3.1155465463219523,
      2.953027616824177,
      3.0583881324820035,
      4.339321977944068,
      3.751535313041949,
      3.3097025607629096,
      4.339321977944068,
      2.8577174370198524,
      4.562465529258278,
      3.5508646175797978,
      4.850147601710058,
      3.8693183486983322,
      4.002849741322855,
      3.8693183486983322,
      3.0043209112117277,
      4.850147601710058,
      2.6529230243738393,
      2.8132656744490188,
      4.002849741322855,
      3.8693183486983322,
      3.463853240590168,
      4.002849741322855
    ],
    "vocab": {
      "alarm": 0,
      "at": 1,
      "builtinentityfeaturesnipsdatetime": 2,
      "comes": 3,
      "entityfeaturesunrise": 4,
      "for": 5,
      "i": 6,
      "light": 7,
      "like": 8,
      "me": 9,
      "natural": 10,
      "of": 11,
      "rise": 12,
      "set": 13,
      "sleep": 14,
      "start": 15,
      "sun": 16,
      "sunrise": 17,
      "to": 18,
      "until": 19,
      "up": 20,
      "wake": 21,
      "want": 22,
      "when": 23,
      "with": 24,
      "would": 25
    }
  }
}